﻿{"cameraMode":{"drawMode":0,"name":"Shaded","section":"Shading Mode"},"sceneLighting":true,"audioPlay":false,"sceneViewState":{"showFog":true,"showMaterialUpdate":false,"showSkybox":true,"showFlares":true,"showImageEffects":true,"showParticleSystems":true},"in2DMode":false,"pivot":{"x":6.467568874359131,"y":0.6600000858306885,"z":6.6355109214782719},"rotation":{"x":0.7554284930229187,"y":0.028456786647439004,"z":-0.032882701605558398,"w":0.6537895798683167},"size":14.769076347351075,"orthographic":true}